{
  "id": "2700302",
  "name": "netease",
  "font_family": "iconfont",
  "css_prefix_text": "icon-",
  "description": "",
  "glyphs": [
    {
      "icon_id": "1018",
      "name": "收音机",
      "font_class": "shouyinji",
      "unicode": "e600",
      "unicode_decimal": 58880
    },
    {
      "icon_id": "5618760",
      "name": "歌单",
      "font_class": "gedan",
      "unicode": "e66a",
      "unicode_decimal": 58986
    },
    {
      "icon_id": "6926778",
      "name": "排行榜",
      "font_class": "paihangbang",
      "unicode": "e6f1",
      "unicode_decimal": 59121
    },
    {
      "icon_id": "11756450",
      "name": "日历",
      "font_class": "V",
      "unicode": "e72b",
      "unicode_decimal": 59179
    }
  ]
}
